id,x_0based,y_0based,x_fits_1based,y_fits_1based,drizzlepac_window_flux,background_subtracted_flux,peak_adu,sharpness,roundness_1,roundness_2
1,1434.905273,81.006592,1435.905273,82.006592,20835.000000,5660.865458,4317.000000,1.037033,-0.090997,-0.005647
2,584.030701,514.775452,585.030701,515.775452,16388.000000,1213.865458,1208.000000,1.075794,-0.013909,0.129980
3,589.719727,542.103027,590.719727,543.103027,15757.000000,582.865458,847.000000,0.951291,-0.225558,-0.160786
4,1089.105225,698.765198,1090.105225,699.765198,959503.000000,944328.865458,65535.000000,1.158990,0.485627,1.893578
5,1123.064819,775.130859,1124.064819,776.130859,62510.000000,47335.865458,2557.000000,0.402777,-1.152431,-0.588458
6,809.883606,775.401428,810.883606,776.401428,55203.000000,40028.865458,2953.000000,0.367583,-0.025437,0.005911
7,960.527954,776.673767,961.527954,777.673767,28391.000000,13216.865458,1211.000000,0.403801,-0.264061,-0.448769
8,1115.092651,780.120850,1116.092651,781.120850,62503.000000,47328.865458,2591.000000,0.777098,-1.381080,-1.310044
9,281.294250,782.131226,282.294250,783.131226,226484.000000,211309.865458,12055.000000,0.342804,0.007111,0.040094
10,1110.102905,784.147766,1111.102905,785.147766,61820.000000,46645.865458,2555.000000,0.603356,-1.264342,-0.166130
11,964.142700,784.751831,965.142700,785.751831,33014.000000,17839.865458,1527.000000,0.363547,0.098366,-0.112915
12,1103.116211,789.163025,1104.116211,790.163025,62299.000000,47124.865458,2572.000000,0.506714,-1.913933,-0.044752
13,847.833740,827.614441,848.833740,828.614441,83885.000000,68710.865458,4400.000000,0.373796,-0.085222,-0.056992
14,1636.019043,936.084778,1637.019043,937.084778,15586.000000,411.865458,799.000000,1.086693,-0.030285,-0.053160
15,495.932953,1131.865356,496.932953,1132.865356,15974.000000,799.865458,1049.000000,1.072330,0.162651,0.035701
16,885.716736,1865.994263,886.716736,1866.994263,22231.000000,7056.865458,1046.000000,0.447249,-0.040713,0.101354
