rank,star_id,x_physical_1based,y_physical_1based,x_0based,y_0based,thresholded_flux,snr,pixel_count,saturated
1,330,1183.613626,814.006644,1182.613626,813.006644,16062891.107991,4007.819805,250,0
2,346,1086.802404,823.015775,1085.802404,822.015775,14358139.736328,3789.181645,223,1
3,393,1067.226152,822.848296,1066.226152,821.848296,257593.210883,506.718791,766,0
4,301,1204.125832,814.282972,1203.125832,813.282972,241462.620041,490.724517,602,0
5,379,1135.747154,853.120878,1134.747154,852.120878,100133.961207,315.328186,651,0
6,367,1139.212125,797.733550,1138.212125,796.733550,82393.318873,285.139300,1016,0
7,431,304.692646,911.836574,303.692646,910.836574,16586.933908,127.502706,310,0
8,399,1370.548068,847.892147,1369.548068,846.892147,4294.808120,63.907061,204,0
9,391,1290.399180,841.977959,1289.399180,840.977959,1785.827818,40.375390,157,0
10,338,1134.177980,810.409827,1133.177980,809.409827,784.062894,27.026588,53,0
11,304,1124.689838,805.786608,1123.689838,804.786608,412.588941,18.727790,67,0
12,32,459.992462,117.196176,458.992462,116.196176,313.206479,17.254577,15,0
13,324,1116.644816,811.666050,1115.644816,810.666050,312.660734,16.370037,48,0
14,347,1111.193333,815.590547,1110.193333,814.590547,48.845616,6.155681,13,0
15,398,1122.007048,842.161097,1121.007048,841.161097,39.484752,5.505708,11,0
16,318,1034.078225,805.618145,1033.078225,804.618145,25.567343,3.853060,17,0
