dataset,target,year_month,nights,n,mean_ra_cosdec_arcsec,std_ra_cosdec_arcsec,mean_dec_arcsec,std_dec_arcsec
U/2020,U1,2020-11,6,950,-0.013,0.037,-0.021,0.034
U/2020,U2,2020-11,6,959,-0.021,0.025,-0.006,0.030
U/2020,U3,2020-11,6,960,-0.022,0.023,-0.005,0.026
U/2020,U4,2020-11,6,960,-0.016,0.024,0.000,0.027
U/2020,U5,2020-11,6,661,0.020,0.085,0.012,0.104
U/2020_rix,U1,2020-11,6,707,-0.019,0.029,-0.012,0.030
U/2020_rix,U2,2020-11,6,727,-0.021,0.026,-0.010,0.030
U/2020_rix,U3,2020-11,6,735,-0.016,0.023,-0.005,0.028
U/2020_rix,U4,2020-11,6,738,-0.011,0.024,0.005,0.026
U/2020_rix,U5,2020-11,6,664,-0.038,0.113,0.012,0.095
S/2023,S1,2023-11,1,36,-0.101,0.068,-0.036,0.044
S/2023,S2,2023-11,2,216,-0.043,0.092,0.050,0.179
S/2023,S4,2023-11,2,219,-0.013,0.071,-0.017,0.064
S/2023,S5,2023-11,2,219,-0.012,0.076,-0.014,0.066
S/2023,S6,2023-11,2,207,-0.031,0.078,-0.038,0.094
S/2023,S7,2023-11,2,219,-0.025,0.060,-0.024,0.054
S9/2024,S9,2024-11,1,22,0.014,0.039,0.022,0.048
S9/2025,S9,2025-11,1,53,0.000,0.030,0.008,0.036
